customer_id,customer_name,email,phone,registered_city,avg_transaction_amount,risk_profile,churn_score,created_at
cust_20001,User_1,user1@example.in,+919886149359,Chennai,1011.9,medium,0.127,2025-10-31T08:40:40.083786
cust_20002,User_2,user2@example.in,+919883793389,Mumbai,300.0,low,0.525,2025-08-30T08:40:40.083786
cust_20003,User_3,user3@example.in,+919851837852,Kolkata,4144.84,low,0.655,2025-12-27T08:40:40.083786
cust_20004,User_4,user4@example.in,+919843273328,Ahmedabad,3640.46,low,0.354,2025-09-08T08:40:40.083786
cust_20005,User_5,user5@example.in,+919819528530,Jaipur,832.97,low,0.103,2026-06-02T08:40:40.083786
cust_20006,User_6,user6@example.in,+919838754377,Bengaluru,452.04,low,0.701,2025-09-17T08:40:40.083786
cust_20007,User_7,user7@example.in,+919864634663,Kochi,1125.36,low,0.137,2025-11-28T08:40:40.083786
cust_20008,User_8,user8@example.in,+919817270733,Chennai,1100.16,low,0.936,2026-05-17T08:40:40.083786
cust_20009,User_9,user9@example.in,+919824665841,Bengaluru,1094.14,low,0.221,2025-11-19T08:40:40.083786
cust_20010,User_10,user10@example.in,+919843528453,Delhi NCR,1154.47,medium,0.118,2025-09-28T08:40:40.083786
cust_20011,User_11,user11@example.in,+919838688676,Mumbai,549.85,medium,0.862,2026-04-13T08:40:40.083786
cust_20012,User_12,user12@example.in,+919871070189,Kolkata,436.65,low,0.677,2025-09-25T08:40:40.083786
cust_20013,User_13,user13@example.in,+919817849494,Ahmedabad,682.91,low,0.538,2026-01-27T08:40:40.083786
cust_20014,User_14,user14@example.in,+919881286543,Bengaluru,411.57,low,0.915,2026-05-26T08:40:40.083786
cust_20015,User_15,user15@example.in,+919886460539,Delhi NCR,3080.53,low,0.585,2025-08-23T08:40:40.083786
cust_20016,User_16,user16@example.in,+919880166708,Mumbai,1026.31,low,0.285,2026-01-27T08:40:40.083786
cust_20017,User_17,user17@example.in,+919896637649,Hyderabad,925.08,low,0.335,2026-05-30T08:40:40.083786
cust_20018,User_18,user18@example.in,+919856843172,Bengaluru,783.87,medium,0.841,2025-12-29T08:40:40.083786
cust_20019,User_19,user19@example.in,+919897775215,Pune,2750.01,low,0.651,2025-09-26T08:40:40.083786
cust_20020,User_20,user20@example.in,+919824366125,Pune,2712.27,low,0.19,2026-02-12T08:40:40.083786
cust_20021,User_21,user21@example.in,+919895125977,Kochi,731.9,medium,0.505,2026-02-28T08:40:40.083786
cust_20022,User_22,user22@example.in,+919847135391,Bengaluru,507.4,low,0.35,2026-05-01T08:40:40.083786
cust_20023,User_23,user23@example.in,+919867403166,Pune,582.83,low,0.151,2026-04-21T08:40:40.083786
cust_20024,User_24,user24@example.in,+919884158663,Jaipur,488.1,low,0.165,2026-01-30T08:40:40.083786
cust_20025,User_25,user25@example.in,+919823796726,Chennai,788.24,low,0.554,2025-12-10T08:40:40.083786
cust_20026,User_26,user26@example.in,+919833763566,Kochi,870.08,medium,0.072,2026-01-17T08:40:40.083786
cust_20027,User_27,user27@example.in,+919824508349,Kolkata,2396.28,low,0.085,2025-11-08T08:40:40.083786
cust_20028,User_28,user28@example.in,+919840547349,Hyderabad,424.23,low,0.644,2025-12-14T08:40:40.083786
cust_20029,User_29,user29@example.in,+919847463522,Chennai,966.31,low,0.508,2025-10-05T08:40:40.083786
cust_20030,User_30,user30@example.in,+919824549543,Chennai,3178.65,low,0.361,2026-01-27T08:40:40.083786
cust_20031,User_31,user31@example.in,+919861700055,Kolkata,1805.05,medium,0.221,2026-06-14T08:40:40.083786
cust_20032,User_32,user32@example.in,+919836445607,Kolkata,1616.62,low,0.113,2025-07-31T08:40:40.083786
cust_20033,User_33,user33@example.in,+919826726926,Chennai,2213.04,low,0.32,2026-01-29T08:40:40.083786
cust_20034,User_34,user34@example.in,+919884411983,Kolkata,609.21,low,0.428,2025-12-24T08:40:40.083786
cust_20035,User_35,user35@example.in,+919883542887,Delhi NCR,1680.4,low,0.323,2026-03-21T08:40:40.083786
cust_20036,User_36,user36@example.in,+919853251559,Kolkata,3630.26,low,0.448,2026-03-19T08:40:40.083786
cust_20037,User_37,user37@example.in,+919832775593,Jaipur,922.98,low,0.305,2025-08-01T08:40:40.083786
cust_20038,User_38,user38@example.in,+919841523529,Kochi,385.4,low,0.252,2026-03-27T08:40:40.083786
cust_20039,User_39,user39@example.in,+919819774839,Delhi NCR,1067.32,low,0.848,2025-09-15T08:40:40.083786
cust_20040,User_40,user40@example.in,+919863640499,Hyderabad,2178.62,low,0.64,2026-07-04T08:40:40.083786
cust_20041,User_41,user41@example.in,+919879519112,Mumbai,2184.54,low,0.552,2026-05-05T08:40:40.083786
cust_20042,User_42,user42@example.in,+919881287314,Ahmedabad,523.24,high,0.586,2025-11-22T08:40:40.083786
cust_20043,User_43,user43@example.in,+919869849511,Kochi,455.13,medium,0.719,2025-11-05T08:40:40.083786
cust_20044,User_44,user44@example.in,+919895585469,Ahmedabad,863.47,low,0.75,2025-10-31T08:40:40.083786
cust_20045,User_45,user45@example.in,+919848349783,Hyderabad,957.83,low,0.352,2025-10-03T08:40:40.083786
cust_20046,User_46,user46@example.in,+919830509175,Mumbai,702.32,low,0.108,2025-12-10T08:40:40.083786
cust_20047,User_47,user47@example.in,+919837760841,Chennai,1480.45,low,0.401,2025-09-10T08:40:40.083786
cust_20048,User_48,user48@example.in,+919866240084,Bengaluru,586.83,low,0.711,2025-09-01T08:40:40.083786
cust_20049,User_49,user49@example.in,+919875181765,Hyderabad,1310.0,low,0.353,2025-12-11T08:40:40.083786
cust_20050,User_50,user50@example.in,+919898986321,Delhi NCR,5263.02,low,0.628,2026-04-28T08:40:40.083786
cust_20051,User_51,user51@example.in,+919853936531,Ahmedabad,742.19,low,0.344,2025-12-24T08:40:40.083786
cust_20052,User_52,user52@example.in,+919843859311,Pune,10485.89,low,0.473,2025-10-03T08:40:40.083786
cust_20053,User_53,user53@example.in,+919897477029,Bengaluru,3435.51,low,0.078,2026-03-02T08:40:40.083786
cust_20054,User_54,user54@example.in,+919842016960,Hyderabad,4580.18,low,0.653,2025-09-21T08:40:40.083786
cust_20055,User_55,user55@example.in,+919859512272,Hyderabad,1255.74,low,0.597,2026-05-09T08:40:40.083786
cust_20056,User_56,user56@example.in,+919860372847,Delhi NCR,520.03,low,0.694,2026-05-29T08:40:40.083786
cust_20057,User_57,user57@example.in,+919823676961,Kochi,2702.16,low,0.321,2025-09-02T08:40:40.083786
cust_20058,User_58,user58@example.in,+919815512205,Mumbai,3417.29,low,0.436,2025-12-29T08:40:40.083786
cust_20059,User_59,user59@example.in,+919866379329,Mumbai,1356.17,low,0.145,2026-01-02T08:40:40.083786
cust_20060,User_60,user60@example.in,+919880027662,Ahmedabad,2217.2,medium,0.293,2025-10-04T08:40:40.083786
cust_20061,User_61,user61@example.in,+919889520597,Ahmedabad,1015.73,low,0.817,2026-05-23T08:40:40.083786
cust_20062,User_62,user62@example.in,+919872372114,Pune,2677.6,low,0.651,2026-01-15T08:40:40.083786
cust_20063,User_63,user63@example.in,+919875437844,Bengaluru,1324.01,low,0.768,2026-01-13T08:40:40.083786
cust_20064,User_64,user64@example.in,+919847080140,Pune,7682.94,low,0.515,2026-03-31T08:40:40.083786
cust_20065,User_65,user65@example.in,+919884514489,Mumbai,736.55,low,0.672,2025-08-10T08:40:40.083786
cust_20066,User_66,user66@example.in,+919849491631,Ahmedabad,1245.92,low,0.673,2026-01-31T08:40:40.083786
cust_20067,User_67,user67@example.in,+919856138336,Kochi,895.54,low,0.721,2026-01-18T08:40:40.083786
cust_20068,User_68,user68@example.in,+919843742830,Chennai,1962.26,low,0.699,2026-01-26T08:40:40.083786
cust_20069,User_69,user69@example.in,+919874988034,Mumbai,1849.77,low,0.581,2025-10-11T08:40:40.083786
cust_20070,User_70,user70@example.in,+919836054020,Kochi,961.89,low,0.375,2026-02-02T08:40:40.090298
cust_20071,User_71,user71@example.in,+919816109013,Bengaluru,1857.27,high,0.548,2026-05-03T08:40:40.091014
cust_20072,User_72,user72@example.in,+919855728776,Ahmedabad,759.16,low,0.096,2025-11-04T08:40:40.091014
cust_20073,User_73,user73@example.in,+919819943140,Mumbai,2800.82,low,0.668,2026-04-20T08:40:40.091145
cust_20074,User_74,user74@example.in,+919884903294,Delhi NCR,628.13,low,0.596,2025-08-24T08:40:40.091145
cust_20075,User_75,user75@example.in,+919869421007,Hyderabad,2466.72,low,0.58,2025-11-29T08:40:40.091145
cust_20076,User_76,user76@example.in,+919823318904,Pune,1480.63,medium,0.237,2026-03-20T08:40:40.091145
cust_20077,User_77,user77@example.in,+919833328859,Pune,1739.23,low,0.191,2025-12-09T08:40:40.091145
cust_20078,User_78,user78@example.in,+919814380847,Ahmedabad,2187.01,low,0.686,2025-11-16T08:40:40.091145
cust_20079,User_79,user79@example.in,+919898742485,Mumbai,3841.25,low,0.228,2026-05-09T08:40:40.091145
cust_20080,User_80,user80@example.in,+919845652586,Jaipur,859.37,low,0.114,2026-04-13T08:40:40.091145
cust_20081,User_81,user81@example.in,+919848736657,Pune,2813.41,low,0.472,2026-02-01T08:40:40.091145
cust_20082,User_82,user82@example.in,+919876276072,Kolkata,4519.81,low,0.588,2025-11-27T08:40:40.091145
cust_20083,User_83,user83@example.in,+919840725714,Chennai,1550.17,medium,0.802,2025-09-15T08:40:40.091577
cust_20084,User_84,user84@example.in,+919815399803,Kochi,1851.36,low,0.208,2025-10-14T08:40:40.091577
cust_20085,User_85,user85@example.in,+919888561612,Ahmedabad,2690.93,low,0.783,2026-05-21T08:40:40.091577
cust_20086,User_86,user86@example.in,+919899943797,Ahmedabad,979.48,low,0.195,2025-12-08T08:40:40.091577
cust_20087,User_87,user87@example.in,+919871045700,Ahmedabad,3486.06,low,0.277,2026-05-08T08:40:40.091577
cust_20088,User_88,user88@example.in,+919879583757,Kolkata,1267.53,low,0.731,2025-08-20T08:40:40.091577
cust_20089,User_89,user89@example.in,+919883715012,Ahmedabad,2096.48,low,0.309,2025-10-31T08:40:40.091577
cust_20090,User_90,user90@example.in,+919851708177,Mumbai,5516.17,low,0.547,2026-05-20T08:40:40.091577
cust_20091,User_91,user91@example.in,+919830665654,Hyderabad,1261.49,low,0.695,2025-10-19T08:40:40.091577
cust_20092,User_92,user92@example.in,+919873380266,Pune,1070.5,low,0.546,2025-12-22T08:40:40.091577
cust_20093,User_93,user93@example.in,+919828321839,Hyderabad,4347.55,medium,0.299,2025-12-06T08:40:40.091577
cust_20094,User_94,user94@example.in,+919810344303,Chennai,4494.82,low,0.319,2025-09-09T08:40:40.091577
cust_20095,User_95,user95@example.in,+919856321751,Kochi,470.97,low,0.737,2025-12-25T08:40:40.091577
cust_20096,User_96,user96@example.in,+919865133300,Ahmedabad,439.01,low,0.72,2025-12-23T08:40:40.091577
cust_20097,User_97,user97@example.in,+919814968688,Kolkata,1713.1,low,0.919,2026-01-18T08:40:40.091577
cust_20098,User_98,user98@example.in,+919880591959,Mumbai,3352.8,medium,0.064,2026-04-24T08:40:40.091577
cust_20099,User_99,user99@example.in,+919863349308,Kolkata,569.07,low,0.817,2025-10-06T08:40:40.091577
cust_20100,User_100,user100@example.in,+919882613940,Kolkata,3783.59,low,0.112,2025-08-17T08:40:40.091577
cust_20101,User_101,user101@example.in,+919895060193,Pune,1211.34,low,0.14,2026-04-12T08:40:40.091577
cust_20102,User_102,user102@example.in,+919860310319,Pune,2380.75,low,0.27,2025-12-08T08:40:40.091577
cust_20103,User_103,user103@example.in,+919833497411,Kochi,1815.83,low,0.834,2025-08-23T08:40:40.091577
cust_20104,User_104,user104@example.in,+919841163805,Hyderabad,1329.18,low,0.279,2026-02-26T08:40:40.091577
cust_20105,User_105,user105@example.in,+919848605268,Bengaluru,3728.62,low,0.192,2025-11-22T08:40:40.091577
cust_20106,User_106,user106@example.in,+919861632653,Chennai,1230.42,medium,0.146,2025-12-23T08:40:40.091577
cust_20107,User_107,user107@example.in,+919849625201,Kochi,1017.49,low,0.797,2025-12-16T08:40:40.091577
cust_20108,User_108,user108@example.in,+919857287718,Pune,2189.76,low,0.221,2026-02-28T08:40:40.091577
cust_20109,User_109,user109@example.in,+919896750368,Delhi NCR,8284.36,low,0.76,2026-06-19T08:40:40.091577
cust_20110,User_110,user110@example.in,+919849609054,Kochi,1081.9,low,0.424,2026-03-26T08:40:40.091577
cust_20111,User_111,user111@example.in,+919846578001,Delhi NCR,925.63,low,0.281,2025-11-02T08:40:40.091577
cust_20112,User_112,user112@example.in,+919825457816,Pune,2234.35,low,0.118,2026-03-13T08:40:40.091577
cust_20113,User_113,user113@example.in,+919811868130,Kolkata,555.54,low,0.161,2025-12-30T08:40:40.091577
cust_20114,User_114,user114@example.in,+919859858348,Pune,2574.76,low,0.26,2026-06-24T08:40:40.091577
cust_20115,User_115,user115@example.in,+919891883846,Kochi,4457.43,low,0.107,2025-11-11T08:40:40.091577
cust_20116,User_116,user116@example.in,+919816086345,Pune,1688.97,medium,0.324,2025-10-27T08:40:40.091577
cust_20117,User_117,user117@example.in,+919899991136,Mumbai,536.36,medium,0.677,2025-10-03T08:40:40.091577
cust_20118,User_118,user118@example.in,+919865684858,Kolkata,2076.49,low,0.8,2025-08-25T08:40:40.091577
cust_20119,User_119,user119@example.in,+919859731689,Kolkata,3092.07,low,0.45,2026-03-08T08:40:40.091577
cust_20120,User_120,user120@example.in,+919858140388,Chennai,21040.25,low,0.298,2026-05-05T08:40:40.091577
cust_20121,User_121,user121@example.in,+919895831286,Ahmedabad,657.7,low,0.069,2026-01-17T08:40:40.091577
cust_20122,User_122,user122@example.in,+919841272553,Hyderabad,1603.38,low,0.183,2025-09-04T08:40:40.091577
cust_20123,User_123,user123@example.in,+919813460153,Bengaluru,2122.36,low,0.372,2026-03-07T08:40:40.091577
cust_20124,User_124,user124@example.in,+919817032877,Kochi,999.35,low,0.429,2026-05-09T08:40:40.091577
cust_20125,User_125,user125@example.in,+919878885632,Mumbai,1156.48,low,0.457,2026-03-15T08:40:40.091577
cust_20126,User_126,user126@example.in,+919871477426,Kochi,3837.05,low,0.078,2025-11-03T08:40:40.091577
cust_20127,User_127,user127@example.in,+919869533928,Kolkata,1195.8,low,0.123,2025-08-29T08:40:40.091577
cust_20128,User_128,user128@example.in,+919894970119,Delhi NCR,588.64,low,0.691,2025-12-23T08:40:40.091577
cust_20129,User_129,user129@example.in,+919891259008,Kochi,1446.31,low,0.764,2026-05-09T08:40:40.091577
cust_20130,User_130,user130@example.in,+919870606674,Jaipur,1970.63,medium,0.422,2025-11-16T08:40:40.091577
cust_20131,User_131,user131@example.in,+919867279295,Kolkata,1179.19,low,0.279,2026-04-19T08:40:40.091577
cust_20132,User_132,user132@example.in,+919884674816,Ahmedabad,7639.61,low,0.911,2025-09-22T08:40:40.091577
cust_20133,User_133,user133@example.in,+919899300492,Chennai,1990.25,medium,0.431,2026-06-10T08:40:40.091577
cust_20134,User_134,user134@example.in,+919887566910,Pune,1656.64,low,0.189,2025-11-02T08:40:40.091577
cust_20135,User_135,user135@example.in,+919884660688,Hyderabad,2788.81,low,0.736,2025-09-16T08:40:40.091577
cust_20136,User_136,user136@example.in,+919813523729,Hyderabad,2071.95,low,0.642,2026-02-20T08:40:40.091577
cust_20137,User_137,user137@example.in,+919851471222,Bengaluru,306.35,medium,0.366,2026-04-05T08:40:40.091577
cust_20138,User_138,user138@example.in,+919829042093,Delhi NCR,1559.16,low,0.925,2026-05-21T08:40:40.091577
cust_20139,User_139,user139@example.in,+919855754284,Jaipur,682.75,low,0.33,2026-01-21T08:40:40.091577
cust_20140,User_140,user140@example.in,+919830881581,Kochi,4154.83,low,0.606,2026-05-26T08:40:40.091577
cust_20141,User_141,user141@example.in,+919891480362,Pune,1169.64,low,0.296,2025-10-17T08:40:40.091577
cust_20142,User_142,user142@example.in,+919889609131,Mumbai,1054.7,low,0.65,2026-06-13T08:40:40.091577
cust_20143,User_143,user143@example.in,+919811031743,Hyderabad,935.66,low,0.901,2026-04-27T08:40:40.091577
cust_20144,User_144,user144@example.in,+919876757928,Pune,964.52,low,0.208,2025-12-24T08:40:40.091577
cust_20145,User_145,user145@example.in,+919899663907,Jaipur,2343.36,low,0.115,2026-06-15T08:40:40.091577
cust_20146,User_146,user146@example.in,+919886960402,Kolkata,4321.81,low,0.626,2026-02-08T08:40:40.091577
cust_20147,User_147,user147@example.in,+919858567046,Mumbai,1122.78,low,0.81,2026-03-04T08:40:40.091577
cust_20148,User_148,user148@example.in,+919863118906,Kolkata,1730.59,medium,0.721,2026-03-15T08:40:40.091577
cust_20149,User_149,user149@example.in,+919894989976,Chennai,2027.88,low,0.509,2026-01-09T08:40:40.091577
cust_20150,User_150,user150@example.in,+919829822594,Chennai,7507.06,low,0.182,2026-03-27T08:40:40.091577
cust_20151,User_151,user151@example.in,+919897980930,Delhi NCR,2406.88,low,0.906,2025-08-19T08:40:40.091577
cust_20152,User_152,user152@example.in,+919887774890,Ahmedabad,1195.84,low,0.882,2025-09-20T08:40:40.091577
cust_20153,User_153,user153@example.in,+919872937522,Kochi,853.71,low,0.323,2026-02-16T08:40:40.091577
cust_20154,User_154,user154@example.in,+919851662236,Kochi,389.02,low,0.084,2025-12-30T08:40:40.091577
cust_20155,User_155,user155@example.in,+919878057490,Pune,4753.11,low,0.572,2026-06-15T08:40:40.091577
cust_20156,User_156,user156@example.in,+919835265073,Ahmedabad,4967.17,low,0.478,2026-04-20T08:40:40.091577
cust_20157,User_157,user157@example.in,+919856095437,Bengaluru,935.22,high,0.126,2025-08-10T08:40:40.091577
cust_20158,User_158,user158@example.in,+919847969333,Delhi NCR,1697.5,low,0.747,2025-09-03T08:40:40.091577
cust_20159,User_159,user159@example.in,+919818846539,Bengaluru,4127.61,low,0.552,2025-12-21T08:40:40.091577
cust_20160,User_160,user160@example.in,+919898870276,Pune,628.15,low,0.586,2026-05-24T08:40:40.091577
cust_20161,User_161,user161@example.in,+919854087376,Pune,1680.47,low,0.653,2025-10-10T08:40:40.091577
cust_20162,User_162,user162@example.in,+919858563745,Mumbai,1896.13,low,0.328,2026-03-19T08:40:40.091577
cust_20163,User_163,user163@example.in,+919840406092,Chennai,4429.05,high,0.189,2026-02-05T08:40:40.091577
cust_20164,User_164,user164@example.in,+919880669879,Mumbai,1370.5,low,0.353,2025-08-24T08:40:40.091577
cust_20165,User_165,user165@example.in,+919834272734,Delhi NCR,1568.39,low,0.744,2026-04-13T08:40:40.091577
cust_20166,User_166,user166@example.in,+919841880763,Ahmedabad,500.13,medium,0.6,2025-11-19T08:40:40.091577
cust_20167,User_167,user167@example.in,+919872950208,Hyderabad,1433.1,medium,0.225,2025-09-17T08:40:40.091577
cust_20168,User_168,user168@example.in,+919861254050,Ahmedabad,1244.86,low,0.427,2026-04-15T08:40:40.091577
cust_20169,User_169,user169@example.in,+919843554863,Hyderabad,2164.33,low,0.483,2025-12-28T08:40:40.091577
cust_20170,User_170,user170@example.in,+919821257528,Jaipur,1373.26,low,0.296,2025-10-17T08:40:40.091577
cust_20171,User_171,user171@example.in,+919860192261,Delhi NCR,1103.76,low,0.945,2025-12-27T08:40:40.091577
cust_20172,User_172,user172@example.in,+919829602406,Hyderabad,5063.59,low,0.308,2025-11-07T08:40:40.091577
cust_20173,User_173,user173@example.in,+919892590645,Delhi NCR,2615.31,low,0.121,2026-02-25T08:40:40.091577
cust_20174,User_174,user174@example.in,+919891722503,Hyderabad,3710.32,low,0.15,2026-02-09T08:40:40.091577
cust_20175,User_175,user175@example.in,+919866348030,Hyderabad,1005.67,low,0.611,2026-06-04T08:40:40.091577
cust_20176,User_176,user176@example.in,+919881947921,Mumbai,3373.95,low,0.514,2026-03-05T08:40:40.091577
cust_20177,User_177,user177@example.in,+919835140847,Delhi NCR,836.74,low,0.127,2026-01-03T08:40:40.091577
cust_20178,User_178,user178@example.in,+919878131950,Mumbai,5244.07,low,0.401,2025-11-08T08:40:40.091577
cust_20179,User_179,user179@example.in,+919898195059,Bengaluru,2451.25,low,0.744,2026-01-17T08:40:40.091577
cust_20180,User_180,user180@example.in,+919896274567,Delhi NCR,337.82,low,0.751,2025-11-11T08:40:40.091577
cust_20181,User_181,user181@example.in,+919818469210,Ahmedabad,3495.13,low,0.899,2026-06-18T08:40:40.091577
cust_20182,User_182,user182@example.in,+919815624520,Pune,300.0,low,0.329,2025-12-15T08:40:40.091577
cust_20183,User_183,user183@example.in,+919896825515,Jaipur,1289.62,low,0.371,2026-06-12T08:40:40.091577
cust_20184,User_184,user184@example.in,+919868646621,Chennai,300.0,medium,0.719,2025-12-21T08:40:40.091577
cust_20185,User_185,user185@example.in,+919876776459,Chennai,4868.29,low,0.768,2026-02-20T08:40:40.091577
cust_20186,User_186,user186@example.in,+919890859912,Mumbai,1878.74,high,0.212,2026-02-06T08:40:40.091577
cust_20187,User_187,user187@example.in,+919849680122,Chennai,594.95,low,0.592,2025-11-30T08:40:40.091577
cust_20188,User_188,user188@example.in,+919815684813,Delhi NCR,2001.45,low,0.87,2025-08-26T08:40:40.091577
cust_20189,User_189,user189@example.in,+919831473054,Kolkata,1801.58,medium,0.179,2025-08-29T08:40:40.091577
cust_20190,User_190,user190@example.in,+919861385847,Ahmedabad,2448.46,medium,0.079,2026-04-19T08:40:40.091577
cust_20191,User_191,user191@example.in,+919820319387,Ahmedabad,3571.97,low,0.527,2025-12-15T08:40:40.091577
cust_20192,User_192,user192@example.in,+919825226815,Chennai,1760.83,low,0.217,2025-10-14T08:40:40.091577
cust_20193,User_193,user193@example.in,+919838799154,Kolkata,4793.68,high,0.307,2025-10-28T08:40:40.091577
cust_20194,User_194,user194@example.in,+919869741812,Hyderabad,699.53,high,0.779,2026-01-24T08:40:40.091577
cust_20195,User_195,user195@example.in,+919848971765,Chennai,2537.81,medium,0.816,2025-08-14T08:40:40.091577
cust_20196,User_196,user196@example.in,+919826288992,Delhi NCR,3042.76,high,0.763,2026-03-07T08:40:40.091577
cust_20197,User_197,user197@example.in,+919884040798,Ahmedabad,535.76,low,0.846,2026-06-03T08:40:40.091577
cust_20198,User_198,user198@example.in,+919874245343,Pune,817.49,low,0.742,2025-09-15T08:40:40.091577
cust_20199,User_199,user199@example.in,+919819954260,Mumbai,630.87,low,0.662,2026-01-11T08:40:40.091577
cust_20200,User_200,user200@example.in,+919827318510,Delhi NCR,1693.47,low,0.87,2026-06-08T08:40:40.091577
cust_20201,User_201,user201@example.in,+919831738837,Mumbai,1388.11,low,0.688,2026-01-10T08:40:40.091577
cust_20202,User_202,user202@example.in,+919883932683,Jaipur,524.33,low,0.613,2025-08-26T08:40:40.091577
cust_20203,User_203,user203@example.in,+919889431184,Jaipur,300.0,medium,0.189,2025-08-03T08:40:40.091577
cust_20204,User_204,user204@example.in,+919885647532,Kochi,2883.77,low,0.827,2026-05-26T08:40:40.091577
cust_20205,User_205,user205@example.in,+919886790955,Bengaluru,889.56,low,0.625,2025-10-25T08:40:40.091577
cust_20206,User_206,user206@example.in,+919864504816,Jaipur,1188.15,low,0.116,2026-06-06T08:40:40.091577
cust_20207,User_207,user207@example.in,+919837383505,Delhi NCR,1140.58,low,0.179,2026-01-24T08:40:40.091577
cust_20208,User_208,user208@example.in,+919852831009,Chennai,893.08,low,0.16,2025-11-18T08:40:40.091577
cust_20209,User_209,user209@example.in,+919879085198,Hyderabad,807.25,low,0.841,2025-10-25T08:40:40.091577
cust_20210,User_210,user210@example.in,+919871368457,Bengaluru,529.92,medium,0.244,2026-01-07T08:40:40.091577
cust_20211,User_211,user211@example.in,+919897813295,Bengaluru,394.96,low,0.307,2026-07-02T08:40:40.091577
cust_20212,User_212,user212@example.in,+919859093843,Mumbai,597.96,low,0.379,2025-12-13T08:40:40.091577
cust_20213,User_213,user213@example.in,+919884252324,Bengaluru,1509.86,low,0.398,2025-11-18T08:40:40.091577
cust_20214,User_214,user214@example.in,+919822976369,Jaipur,1773.95,low,0.765,2026-01-14T08:40:40.091577
cust_20215,User_215,user215@example.in,+919877119320,Jaipur,577.44,low,0.085,2026-01-17T08:40:40.091577
cust_20216,User_216,user216@example.in,+919879190008,Ahmedabad,1381.85,low,0.888,2026-01-24T08:40:40.091577
cust_20217,User_217,user217@example.in,+919850162553,Delhi NCR,913.17,low,0.507,2025-10-19T08:40:40.091577
cust_20218,User_218,user218@example.in,+919873739005,Jaipur,1297.4,low,0.382,2026-05-11T08:40:40.091577
cust_20219,User_219,user219@example.in,+919894457912,Kolkata,2357.14,low,0.477,2025-08-05T08:40:40.091577
cust_20220,User_220,user220@example.in,+919888319168,Kochi,1963.41,low,0.522,2025-08-23T08:40:40.091577
cust_20221,User_221,user221@example.in,+919814237322,Kolkata,300.0,low,0.68,2026-03-31T08:40:40.091577
cust_20222,User_222,user222@example.in,+919865426567,Bengaluru,1165.35,low,0.419,2025-08-27T08:40:40.091577
cust_20223,User_223,user223@example.in,+919898882576,Ahmedabad,738.72,low,0.389,2026-04-09T08:40:40.091577
cust_20224,User_224,user224@example.in,+919857551594,Ahmedabad,3165.34,low,0.831,2025-08-11T08:40:40.091577
cust_20225,User_225,user225@example.in,+919843087238,Pune,1614.9,low,0.319,2026-02-04T08:40:40.091577
cust_20226,User_226,user226@example.in,+919875632882,Pune,3320.38,low,0.364,2026-02-16T08:40:40.091577
cust_20227,User_227,user227@example.in,+919860961690,Pune,300.0,medium,0.405,2026-01-11T08:40:40.091577
cust_20228,User_228,user228@example.in,+919820607151,Delhi NCR,894.53,low,0.448,2026-02-25T08:40:40.091577
cust_20229,User_229,user229@example.in,+919846456416,Ahmedabad,653.83,low,0.604,2025-09-09T08:40:40.091577
cust_20230,User_230,user230@example.in,+919881275182,Hyderabad,459.19,low,0.26,2026-05-16T08:40:40.091577
cust_20231,User_231,user231@example.in,+919828450513,Kolkata,861.39,low,0.545,2026-04-17T08:40:40.091577
cust_20232,User_232,user232@example.in,+919873847325,Kolkata,7770.56,low,0.23,2026-02-09T08:40:40.091577
cust_20233,User_233,user233@example.in,+919822007214,Chennai,979.44,low,0.259,2026-06-17T08:40:40.091577
cust_20234,User_234,user234@example.in,+919814877451,Delhi NCR,669.17,high,0.407,2025-10-26T08:40:40.091577
cust_20235,User_235,user235@example.in,+919828012011,Delhi NCR,1506.32,medium,0.471,2026-03-30T08:40:40.091577
cust_20236,User_236,user236@example.in,+919897011385,Mumbai,564.41,low,0.218,2026-01-15T08:40:40.091577
cust_20237,User_237,user237@example.in,+919833554528,Pune,1965.03,low,0.625,2025-12-11T08:40:40.091577
cust_20238,User_238,user238@example.in,+919899826000,Kolkata,1370.54,low,0.934,2025-11-04T08:40:40.091577
cust_20239,User_239,user239@example.in,+919845835371,Chennai,1003.45,medium,0.322,2025-09-16T08:40:40.091577
cust_20240,User_240,user240@example.in,+919841715995,Bengaluru,803.54,low,0.156,2026-01-30T08:40:40.091577
cust_20241,User_241,user241@example.in,+919851738753,Delhi NCR,1031.81,low,0.625,2026-02-05T08:40:40.091577
cust_20242,User_242,user242@example.in,+919827927298,Chennai,1638.38,low,0.459,2025-08-30T08:40:40.091577
cust_20243,User_243,user243@example.in,+919873193474,Chennai,1036.68,low,0.772,2026-03-17T08:40:40.091577
cust_20244,User_244,user244@example.in,+919820988446,Hyderabad,2470.94,low,0.525,2026-01-02T08:40:40.091577
cust_20245,User_245,user245@example.in,+919832083803,Mumbai,554.34,low,0.518,2026-05-08T08:40:40.091577
cust_20246,User_246,user246@example.in,+919878501420,Hyderabad,2398.01,low,0.1,2026-04-30T08:40:40.091577
cust_20247,User_247,user247@example.in,+919885000490,Jaipur,1026.42,low,0.776,2026-06-25T08:40:40.091577
cust_20248,User_248,user248@example.in,+919866867700,Kolkata,882.13,low,0.107,2026-06-06T08:40:40.091577
cust_20249,User_249,user249@example.in,+919848532662,Mumbai,4739.94,low,0.742,2025-08-12T08:40:40.091577
cust_20250,User_250,user250@example.in,+919870201634,Kolkata,300.0,medium,0.866,2025-12-26T08:40:40.091577
cust_20251,User_251,user251@example.in,+919882383656,Mumbai,2811.59,low,0.824,2026-05-07T08:40:40.091577
cust_20252,User_252,user252@example.in,+919827092236,Delhi NCR,4082.36,low,0.25,2026-07-05T08:40:40.091577
cust_20253,User_253,user253@example.in,+919883074216,Bengaluru,4550.07,low,0.391,2026-03-11T08:40:40.091577
cust_20254,User_254,user254@example.in,+919835297417,Hyderabad,1256.44,medium,0.703,2026-05-10T08:40:40.091577
cust_20255,User_255,user255@example.in,+919812099943,Bengaluru,2783.16,low,0.111,2025-09-05T08:40:40.091577
cust_20256,User_256,user256@example.in,+919816533225,Bengaluru,1070.5,low,0.09,2025-11-24T08:40:40.091577
cust_20257,User_257,user257@example.in,+919817575790,Hyderabad,1672.65,low,0.944,2026-03-09T08:40:40.091577
cust_20258,User_258,user258@example.in,+919853038943,Kochi,721.89,low,0.839,2025-08-02T08:40:40.091577
cust_20259,User_259,user259@example.in,+919818181595,Jaipur,774.86,low,0.583,2026-04-08T08:40:40.091577
cust_20260,User_260,user260@example.in,+919856226575,Kolkata,1451.6,medium,0.654,2025-10-11T08:40:40.091577
cust_20261,User_261,user261@example.in,+919850250352,Chennai,2111.8,low,0.729,2025-11-06T08:40:40.091577
cust_20262,User_262,user262@example.in,+919829374563,Hyderabad,2658.83,low,0.873,2025-09-22T08:40:40.091577
cust_20263,User_263,user263@example.in,+919837291394,Kolkata,690.04,low,0.121,2025-11-18T08:40:40.091577
cust_20264,User_264,user264@example.in,+919891197624,Chennai,749.44,low,0.836,2026-04-01T08:40:40.091577
cust_20265,User_265,user265@example.in,+919874343201,Kochi,2691.4,low,0.866,2026-02-01T08:40:40.091577
cust_20266,User_266,user266@example.in,+919825745913,Bengaluru,821.96,low,0.729,2026-03-04T08:40:40.091577
cust_20267,User_267,user267@example.in,+919842122457,Kochi,2129.18,low,0.748,2025-12-24T08:40:40.091577
cust_20268,User_268,user268@example.in,+919845106207,Ahmedabad,1439.54,low,0.845,2025-11-10T08:40:40.091577
cust_20269,User_269,user269@example.in,+919852980983,Mumbai,5985.91,medium,0.384,2025-12-07T08:40:40.091577
cust_20270,User_270,user270@example.in,+919829585415,Bengaluru,1495.47,low,0.548,2025-09-10T08:40:40.091577
cust_20271,User_271,user271@example.in,+919836332415,Kochi,2055.79,low,0.392,2026-03-03T08:40:40.091577
cust_20272,User_272,user272@example.in,+919855307111,Ahmedabad,4579.61,low,0.789,2025-08-12T08:40:40.091577
cust_20273,User_273,user273@example.in,+919857268285,Ahmedabad,1095.35,low,0.698,2025-10-29T08:40:40.091577
cust_20274,User_274,user274@example.in,+919896142207,Delhi NCR,4673.37,medium,0.522,2026-05-29T08:40:40.091577
cust_20275,User_275,user275@example.in,+919894651342,Bengaluru,2483.42,low,0.686,2026-07-02T08:40:40.091577
cust_20276,User_276,user276@example.in,+919892924441,Hyderabad,1356.35,low,0.891,2025-11-01T08:40:40.091577
cust_20277,User_277,user277@example.in,+919846875077,Ahmedabad,1183.52,low,0.308,2025-10-22T08:40:40.091577
cust_20278,User_278,user278@example.in,+919880659726,Kolkata,737.81,low,0.369,2025-12-15T08:40:40.091577
cust_20279,User_279,user279@example.in,+919885833309,Mumbai,998.92,low,0.678,2026-02-03T08:40:40.091577
cust_20280,User_280,user280@example.in,+919814252622,Mumbai,5932.16,low,0.391,2025-09-27T08:40:40.091577
cust_20281,User_281,user281@example.in,+919868238367,Ahmedabad,543.62,low,0.348,2026-05-19T08:40:40.091577
cust_20282,User_282,user282@example.in,+919886072480,Jaipur,2826.68,low,0.092,2026-05-29T08:40:40.091577
cust_20283,User_283,user283@example.in,+919814416002,Pune,4700.97,low,0.815,2026-06-28T08:40:40.091577
cust_20284,User_284,user284@example.in,+919863458386,Hyderabad,2169.28,medium,0.319,2025-09-21T08:40:40.091577
cust_20285,User_285,user285@example.in,+919882553061,Hyderabad,2460.14,low,0.73,2026-04-26T08:40:40.091577
cust_20286,User_286,user286@example.in,+919817207013,Mumbai,1397.41,low,0.259,2026-05-29T08:40:40.091577
cust_20287,User_287,user287@example.in,+919889941241,Chennai,1946.52,low,0.746,2026-06-21T08:40:40.091577
cust_20288,User_288,user288@example.in,+919840620216,Pune,2719.63,low,0.897,2025-11-27T08:40:40.091577
cust_20289,User_289,user289@example.in,+919821501669,Delhi NCR,2770.49,low,0.316,2026-03-02T08:40:40.091577
cust_20290,User_290,user290@example.in,+919862294176,Mumbai,2961.73,low,0.146,2026-07-04T08:40:40.091577
cust_20291,User_291,user291@example.in,+919823721268,Pune,974.76,low,0.219,2025-11-19T08:40:40.091577
cust_20292,User_292,user292@example.in,+919813524813,Jaipur,1520.68,low,0.549,2025-09-04T08:40:40.091577
cust_20293,User_293,user293@example.in,+919821368176,Kochi,427.63,low,0.554,2026-03-04T08:40:40.091577
cust_20294,User_294,user294@example.in,+919832750139,Kochi,1468.57,low,0.321,2025-10-27T08:40:40.091577
cust_20295,User_295,user295@example.in,+919866519399,Delhi NCR,463.94,low,0.754,2026-01-03T08:40:40.091577
cust_20296,User_296,user296@example.in,+919871453148,Pune,1319.45,low,0.324,2025-12-16T08:40:40.091577
cust_20297,User_297,user297@example.in,+919854230340,Chennai,2852.8,low,0.438,2025-08-07T08:40:40.091577
cust_20298,User_298,user298@example.in,+919836957830,Kochi,642.19,low,0.21,2025-12-15T08:40:40.091577
cust_20299,User_299,user299@example.in,+919875901885,Chennai,524.11,medium,0.754,2026-01-21T08:40:40.091577
cust_20300,User_300,user300@example.in,+919858991556,Kolkata,327.64,low,0.557,2025-09-06T08:40:40.091577
cust_20301,User_301,user301@example.in,+919813612618,Jaipur,300.0,medium,0.465,2026-03-21T08:40:40.091577
cust_20302,User_302,user302@example.in,+919828680305,Ahmedabad,4620.35,low,0.268,2025-08-03T08:40:40.091577
cust_20303,User_303,user303@example.in,+919819927432,Delhi NCR,5434.3,low,0.588,2025-09-11T08:40:40.091577
cust_20304,User_304,user304@example.in,+919866143368,Kolkata,2481.26,low,0.762,2026-01-03T08:40:40.091577
cust_20305,User_305,user305@example.in,+919824679315,Jaipur,6028.38,low,0.642,2026-01-06T08:40:40.091577
cust_20306,User_306,user306@example.in,+919896574622,Delhi NCR,1654.24,low,0.41,2026-01-18T08:40:40.091577
cust_20307,User_307,user307@example.in,+919884892608,Kolkata,300.0,low,0.568,2025-11-20T08:40:40.091577
cust_20308,User_308,user308@example.in,+919888999206,Chennai,694.86,low,0.186,2026-06-24T08:40:40.091577
cust_20309,User_309,user309@example.in,+919821523236,Ahmedabad,528.86,low,0.897,2026-04-25T08:40:40.091577
cust_20310,User_310,user310@example.in,+919837765262,Chennai,833.82,low,0.363,2026-05-18T08:40:40.091577
cust_20311,User_311,user311@example.in,+919819015987,Ahmedabad,2336.53,low,0.779,2026-05-09T08:40:40.091577
cust_20312,User_312,user312@example.in,+919832059232,Bengaluru,5225.53,medium,0.716,2025-10-15T08:40:40.091577
cust_20313,User_313,user313@example.in,+919867226329,Delhi NCR,1489.94,medium,0.259,2025-12-11T08:40:40.091577
cust_20314,User_314,user314@example.in,+919863094168,Delhi NCR,381.47,low,0.603,2026-03-27T08:40:40.091577
cust_20315,User_315,user315@example.in,+919838829445,Ahmedabad,1647.56,low,0.727,2026-06-04T08:40:40.091577
cust_20316,User_316,user316@example.in,+919871411378,Kochi,708.1,low,0.654,2025-10-29T08:40:40.091577
cust_20317,User_317,user317@example.in,+919862162278,Jaipur,3399.25,low,0.578,2026-01-09T08:40:40.091577
cust_20318,User_318,user318@example.in,+919849922369,Chennai,4625.24,medium,0.581,2026-04-29T08:40:40.091577
cust_20319,User_319,user319@example.in,+919834567819,Chennai,629.53,low,0.177,2025-12-20T08:40:40.091577
cust_20320,User_320,user320@example.in,+919866779304,Kolkata,1828.48,low,0.622,2025-08-10T08:40:40.091577
cust_20321,User_321,user321@example.in,+919828830282,Delhi NCR,1552.57,low,0.808,2025-08-23T08:40:40.091577
cust_20322,User_322,user322@example.in,+919861532114,Bengaluru,1304.74,medium,0.505,2025-10-26T08:40:40.091577
cust_20323,User_323,user323@example.in,+919869572772,Kolkata,2066.83,low,0.124,2026-06-21T08:40:40.091577
cust_20324,User_324,user324@example.in,+919882156607,Hyderabad,903.71,low,0.753,2025-09-20T08:40:40.091577
cust_20325,User_325,user325@example.in,+919825328557,Ahmedabad,1446.58,low,0.539,2025-12-31T08:40:40.091577
cust_20326,User_326,user326@example.in,+919867063296,Jaipur,2597.96,low,0.797,2026-03-02T08:40:40.091577
cust_20327,User_327,user327@example.in,+919857060874,Pune,300.0,medium,0.599,2025-11-29T08:40:40.091577
cust_20328,User_328,user328@example.in,+919837775381,Delhi NCR,2809.93,low,0.563,2025-10-07T08:40:40.091577
cust_20329,User_329,user329@example.in,+919849276764,Pune,1571.59,low,0.291,2025-10-16T08:40:40.091577
cust_20330,User_330,user330@example.in,+919847221734,Mumbai,1177.36,medium,0.164,2026-04-30T08:40:40.091577
cust_20331,User_331,user331@example.in,+919843226234,Hyderabad,654.46,low,0.659,2025-10-29T08:40:40.091577
cust_20332,User_332,user332@example.in,+919865596350,Delhi NCR,1548.91,low,0.118,2026-05-20T08:40:40.091577
cust_20333,User_333,user333@example.in,+919859535894,Kolkata,1379.79,low,0.489,2025-09-12T08:40:40.091577
cust_20334,User_334,user334@example.in,+919818500100,Bengaluru,2468.43,low,0.408,2025-11-29T08:40:40.091577
cust_20335,User_335,user335@example.in,+919848063218,Hyderabad,1325.16,low,0.57,2025-09-20T08:40:40.091577
cust_20336,User_336,user336@example.in,+919812185246,Ahmedabad,3867.89,low,0.822,2025-11-23T08:40:40.091577
cust_20337,User_337,user337@example.in,+919827705074,Ahmedabad,360.71,medium,0.322,2026-02-16T08:40:40.091577
cust_20338,User_338,user338@example.in,+919859908025,Mumbai,1777.61,low,0.634,2026-06-10T08:40:40.091577
cust_20339,User_339,user339@example.in,+919841426254,Kolkata,2512.68,low,0.132,2026-05-19T08:40:40.091577
cust_20340,User_340,user340@example.in,+919889682313,Bengaluru,874.32,low,0.662,2026-07-02T08:40:40.091577
cust_20341,User_341,user341@example.in,+919866682016,Bengaluru,5812.52,low,0.48,2026-03-11T08:40:40.091577
cust_20342,User_342,user342@example.in,+919850165370,Kolkata,566.19,low,0.746,2026-04-29T08:40:40.091577
cust_20343,User_343,user343@example.in,+919891915661,Delhi NCR,345.04,low,0.446,2026-03-19T08:40:40.091577
cust_20344,User_344,user344@example.in,+919869375757,Delhi NCR,6008.95,medium,0.128,2026-05-16T08:40:40.091577
cust_20345,User_345,user345@example.in,+919861543890,Delhi NCR,3115.52,low,0.436,2026-04-26T08:40:40.091577
cust_20346,User_346,user346@example.in,+919884275638,Hyderabad,958.86,low,0.699,2026-02-11T08:40:40.091577
cust_20347,User_347,user347@example.in,+919850486688,Bengaluru,5419.31,low,0.596,2026-04-01T08:40:40.091577
cust_20348,User_348,user348@example.in,+919842123815,Kolkata,995.46,low,0.151,2025-10-24T08:40:40.091577
cust_20349,User_349,user349@example.in,+919852476240,Kochi,469.6,low,0.825,2025-09-18T08:40:40.091577
cust_20350,User_350,user350@example.in,+919873218512,Kolkata,748.01,medium,0.743,2026-06-28T08:40:40.091577
cust_20351,User_351,user351@example.in,+919815345470,Kochi,599.18,medium,0.904,2025-12-15T08:40:40.091577
cust_20352,User_352,user352@example.in,+919865758338,Jaipur,483.14,low,0.412,2025-08-13T08:40:40.091577
cust_20353,User_353,user353@example.in,+919821220209,Jaipur,1423.67,low,0.51,2026-03-24T08:40:40.091577
cust_20354,User_354,user354@example.in,+919895133532,Delhi NCR,1453.85,low,0.635,2025-08-11T08:40:40.091577
cust_20355,User_355,user355@example.in,+919842029368,Mumbai,842.9,low,0.128,2025-11-26T08:40:40.091577
cust_20356,User_356,user356@example.in,+919851512209,Mumbai,1137.29,low,0.642,2026-04-08T08:40:40.091577
cust_20357,User_357,user357@example.in,+919844795538,Mumbai,866.29,low,0.164,2026-02-19T08:40:40.091577
cust_20358,User_358,user358@example.in,+919818572753,Mumbai,2389.75,low,0.928,2025-08-19T08:40:40.091577
cust_20359,User_359,user359@example.in,+919817440911,Mumbai,1325.03,low,0.56,2025-12-30T08:40:40.091577
cust_20360,User_360,user360@example.in,+919887029205,Delhi NCR,920.91,low,0.154,2025-10-19T08:40:40.091577
cust_20361,User_361,user361@example.in,+919861402634,Bengaluru,689.74,medium,0.211,2026-06-18T08:40:40.091577
cust_20362,User_362,user362@example.in,+919898007006,Jaipur,5736.82,low,0.34,2025-12-05T08:40:40.091577
cust_20363,User_363,user363@example.in,+919860037465,Chennai,952.94,low,0.656,2026-06-10T08:40:40.091577
cust_20364,User_364,user364@example.in,+919816164431,Delhi NCR,611.21,medium,0.112,2025-11-10T08:40:40.091577
cust_20365,User_365,user365@example.in,+919821594468,Pune,2309.07,low,0.057,2026-03-26T08:40:40.091577
cust_20366,User_366,user366@example.in,+919893579731,Pune,1518.99,low,0.381,2025-10-27T08:40:40.091577
cust_20367,User_367,user367@example.in,+919842900372,Hyderabad,2706.99,low,0.889,2026-06-24T08:40:40.091577
cust_20368,User_368,user368@example.in,+919811287794,Hyderabad,1566.53,medium,0.051,2025-08-04T08:40:40.091577
cust_20369,User_369,user369@example.in,+919823951801,Kolkata,7753.52,low,0.935,2025-12-04T08:40:40.091577
cust_20370,User_370,user370@example.in,+919815892193,Ahmedabad,677.55,medium,0.858,2025-10-13T08:40:40.091577
cust_20371,User_371,user371@example.in,+919821395409,Kolkata,2078.23,low,0.505,2025-08-14T08:40:40.091577
cust_20372,User_372,user372@example.in,+919868382413,Kolkata,347.18,low,0.168,2026-02-07T08:40:40.091577
cust_20373,User_373,user373@example.in,+919853788744,Pune,558.93,low,0.295,2026-05-29T08:40:40.091577
cust_20374,User_374,user374@example.in,+919826205010,Hyderabad,1210.87,low,0.918,2026-03-22T08:40:40.091577
cust_20375,User_375,user375@example.in,+919826094525,Ahmedabad,936.42,low,0.777,2026-02-01T08:40:40.091577
cust_20376,User_376,user376@example.in,+919843315361,Kochi,1032.71,medium,0.407,2026-06-11T08:40:40.091577
cust_20377,User_377,user377@example.in,+919870693413,Pune,454.64,low,0.545,2026-05-19T08:40:40.091577
cust_20378,User_378,user378@example.in,+919836592965,Ahmedabad,2199.11,low,0.385,2025-08-18T08:40:40.091577
cust_20379,User_379,user379@example.in,+919820064609,Mumbai,1559.99,low,0.108,2025-08-10T08:40:40.091577
cust_20380,User_380,user380@example.in,+919854499873,Ahmedabad,2137.7,low,0.898,2026-06-11T08:40:40.091577
cust_20381,User_381,user381@example.in,+919863015826,Delhi NCR,3740.2,low,0.394,2025-11-30T08:40:40.091577
cust_20382,User_382,user382@example.in,+919846907428,Delhi NCR,300.0,low,0.845,2026-06-19T08:40:40.091577
cust_20383,User_383,user383@example.in,+919849608344,Kochi,1663.8,low,0.845,2025-11-03T08:40:40.091577
cust_20384,User_384,user384@example.in,+919866268745,Bengaluru,535.35,low,0.846,2025-10-10T08:40:40.091577
cust_20385,User_385,user385@example.in,+919812621269,Hyderabad,3317.89,high,0.754,2026-01-04T08:40:40.091577
cust_20386,User_386,user386@example.in,+919885920407,Ahmedabad,1508.03,low,0.4,2026-04-05T08:40:40.091577
cust_20387,User_387,user387@example.in,+919847706144,Bengaluru,974.29,low,0.942,2025-10-08T08:40:40.091577
cust_20388,User_388,user388@example.in,+919817503932,Chennai,1796.35,low,0.903,2025-09-15T08:40:40.091577
cust_20389,User_389,user389@example.in,+919833315234,Kolkata,387.84,low,0.583,2026-01-04T08:40:40.091577
cust_20390,User_390,user390@example.in,+919885579195,Kochi,5472.75,medium,0.803,2025-10-27T08:40:40.091577
cust_20391,User_391,user391@example.in,+919822114140,Jaipur,800.88,low,0.591,2026-06-26T08:40:40.091577
cust_20392,User_392,user392@example.in,+919892427773,Jaipur,1280.23,low,0.167,2026-04-07T08:40:40.091577
cust_20393,User_393,user393@example.in,+919824887509,Chennai,1858.07,low,0.825,2026-05-30T08:40:40.091577
cust_20394,User_394,user394@example.in,+919888653825,Chennai,3074.36,low,0.322,2026-04-28T08:40:40.091577
cust_20395,User_395,user395@example.in,+919895800828,Delhi NCR,2359.66,medium,0.634,2026-04-08T08:40:40.091577
cust_20396,User_396,user396@example.in,+919889047551,Jaipur,2224.02,low,0.391,2026-02-06T08:40:40.091577
cust_20397,User_397,user397@example.in,+919886166246,Delhi NCR,2563.23,low,0.592,2025-08-27T08:40:40.091577
cust_20398,User_398,user398@example.in,+919876596831,Hyderabad,1658.93,low,0.721,2026-03-07T08:40:40.091577
cust_20399,User_399,user399@example.in,+919855063530,Chennai,2965.07,low,0.289,2026-03-01T08:40:40.091577
cust_20400,User_400,user400@example.in,+919810171954,Mumbai,511.07,low,0.444,2025-12-04T08:40:40.091577
cust_20401,User_401,user401@example.in,+919860829941,Delhi NCR,3793.83,low,0.388,2025-11-03T08:40:40.091577
cust_20402,User_402,user402@example.in,+919831831387,Kochi,2597.49,low,0.769,2026-06-19T08:40:40.091577
cust_20403,User_403,user403@example.in,+919860393104,Pune,587.45,low,0.118,2026-05-20T08:40:40.091577
cust_20404,User_404,user404@example.in,+919874791834,Chennai,1870.61,low,0.438,2025-08-06T08:40:40.091577
cust_20405,User_405,user405@example.in,+919817188130,Delhi NCR,1737.69,low,0.235,2026-03-31T08:40:40.091577
cust_20406,User_406,user406@example.in,+919882494408,Kolkata,3546.26,low,0.303,2026-03-07T08:40:40.091577
cust_20407,User_407,user407@example.in,+919875893962,Mumbai,316.28,low,0.375,2025-11-30T08:40:40.091577
cust_20408,User_408,user408@example.in,+919890559564,Mumbai,581.57,low,0.137,2026-03-23T08:40:40.091577
cust_20409,User_409,user409@example.in,+919863347164,Delhi NCR,1285.61,low,0.855,2026-02-21T08:40:40.091577
cust_20410,User_410,user410@example.in,+919859797531,Mumbai,1840.68,medium,0.382,2025-11-20T08:40:40.091577
cust_20411,User_411,user411@example.in,+919840365724,Bengaluru,729.77,low,0.558,2026-04-20T08:40:40.091577
cust_20412,User_412,user412@example.in,+919882672055,Mumbai,563.14,low,0.731,2026-03-12T08:40:40.091577
cust_20413,User_413,user413@example.in,+919880139805,Jaipur,501.16,low,0.532,2025-11-05T08:40:40.091577
cust_20414,User_414,user414@example.in,+919820597167,Kochi,3641.32,low,0.819,2026-06-19T08:40:40.091577
cust_20415,User_415,user415@example.in,+919886703472,Jaipur,1639.74,low,0.608,2026-05-06T08:40:40.091577
cust_20416,User_416,user416@example.in,+919868437492,Ahmedabad,550.2,low,0.79,2026-04-22T08:40:40.091577
cust_20417,User_417,user417@example.in,+919853771998,Kochi,1038.12,medium,0.518,2026-06-30T08:40:40.091577
cust_20418,User_418,user418@example.in,+919825102023,Kochi,2322.83,low,0.183,2025-09-08T08:40:40.091577
cust_20419,User_419,user419@example.in,+919823554707,Kochi,5082.43,low,0.831,2026-01-11T08:40:40.091577
cust_20420,User_420,user420@example.in,+919886775659,Kolkata,524.43,low,0.084,2026-02-15T08:40:40.091577
cust_20421,User_421,user421@example.in,+919863917932,Kolkata,384.14,low,0.851,2026-01-18T08:40:40.091577
cust_20422,User_422,user422@example.in,+919846048781,Hyderabad,412.11,medium,0.068,2026-02-01T08:40:40.091577
cust_20423,User_423,user423@example.in,+919823182514,Pune,740.28,high,0.255,2026-02-03T08:40:40.091577
cust_20424,User_424,user424@example.in,+919865938288,Ahmedabad,2330.35,low,0.13,2025-11-22T08:40:40.091577
cust_20425,User_425,user425@example.in,+919875023164,Hyderabad,3488.1,low,0.83,2026-06-08T08:40:40.091577
cust_20426,User_426,user426@example.in,+919880368504,Jaipur,2169.13,medium,0.076,2026-03-30T08:40:40.091577
cust_20427,User_427,user427@example.in,+919871263503,Hyderabad,2480.5,low,0.374,2026-03-27T08:40:40.091577
cust_20428,User_428,user428@example.in,+919863276690,Pune,956.02,low,0.161,2026-06-21T08:40:40.091577
cust_20429,User_429,user429@example.in,+919833834879,Hyderabad,870.31,medium,0.477,2025-09-27T08:40:40.091577
cust_20430,User_430,user430@example.in,+919844716747,Chennai,359.0,low,0.67,2026-02-11T08:40:40.091577
cust_20431,User_431,user431@example.in,+919886807176,Bengaluru,1112.12,low,0.243,2026-03-15T08:40:40.091577
cust_20432,User_432,user432@example.in,+919864963125,Hyderabad,1869.93,low,0.828,2026-07-02T08:40:40.091577
cust_20433,User_433,user433@example.in,+919890683906,Ahmedabad,6644.93,low,0.251,2025-08-29T08:40:40.091577
cust_20434,User_434,user434@example.in,+919846960684,Pune,3657.75,low,0.389,2026-01-09T08:40:40.091577
cust_20435,User_435,user435@example.in,+919879878835,Ahmedabad,707.53,low,0.407,2026-05-15T08:40:40.091577
cust_20436,User_436,user436@example.in,+919860228268,Bengaluru,1403.61,low,0.584,2026-02-12T08:40:40.091577
cust_20437,User_437,user437@example.in,+919855135227,Pune,2182.77,high,0.627,2026-02-15T08:40:40.091577
cust_20438,User_438,user438@example.in,+919879429969,Pune,1730.42,low,0.86,2025-09-02T08:40:40.091577
cust_20439,User_439,user439@example.in,+919813416548,Kolkata,2670.75,low,0.948,2026-02-24T08:40:40.091577
cust_20440,User_440,user440@example.in,+919888252116,Kolkata,814.58,low,0.565,2026-03-31T08:40:40.091577
cust_20441,User_441,user441@example.in,+919881757508,Chennai,1997.86,low,0.478,2026-01-04T08:40:40.091577
cust_20442,User_442,user442@example.in,+919898263548,Jaipur,962.59,medium,0.213,2026-05-18T08:40:40.091577
cust_20443,User_443,user443@example.in,+919885031958,Ahmedabad,672.65,low,0.215,2026-01-16T08:40:40.091577
cust_20444,User_444,user444@example.in,+919851216287,Mumbai,819.92,low,0.848,2025-12-28T08:40:40.091577
cust_20445,User_445,user445@example.in,+919825808361,Pune,1667.37,low,0.83,2025-09-11T08:40:40.091577
cust_20446,User_446,user446@example.in,+919861226775,Kochi,3904.7,low,0.422,2026-04-20T08:40:40.091577
cust_20447,User_447,user447@example.in,+919886424055,Delhi NCR,3744.19,medium,0.938,2026-04-24T08:40:40.091577
cust_20448,User_448,user448@example.in,+919820846331,Chennai,2457.25,low,0.618,2026-04-07T08:40:40.091577
cust_20449,User_449,user449@example.in,+919832629881,Chennai,364.48,low,0.193,2026-05-22T08:40:40.091577
cust_20450,User_450,user450@example.in,+919864142556,Delhi NCR,2056.32,low,0.48,2026-07-04T08:40:40.091577
cust_20451,User_451,user451@example.in,+919811889398,Bengaluru,1591.03,medium,0.731,2025-10-08T08:40:40.091577
cust_20452,User_452,user452@example.in,+919856217844,Hyderabad,2027.09,low,0.142,2025-10-22T08:40:40.091577
cust_20453,User_453,user453@example.in,+919816136213,Kochi,1007.6,low,0.312,2025-10-13T08:40:40.091577
cust_20454,User_454,user454@example.in,+919827956913,Kochi,1420.05,low,0.861,2026-01-04T08:40:40.091577
cust_20455,User_455,user455@example.in,+919897314051,Hyderabad,1349.18,low,0.388,2025-08-13T08:40:40.091577
cust_20456,User_456,user456@example.in,+919889715138,Pune,3596.82,high,0.646,2025-08-06T08:40:40.091577
cust_20457,User_457,user457@example.in,+919843921959,Bengaluru,1227.58,low,0.188,2025-08-18T08:40:40.091577
cust_20458,User_458,user458@example.in,+919898916958,Bengaluru,597.8,low,0.611,2026-04-27T08:40:40.091577
cust_20459,User_459,user459@example.in,+919892906016,Kolkata,2223.83,low,0.153,2026-05-13T08:40:40.091577
cust_20460,User_460,user460@example.in,+919845298445,Ahmedabad,798.86,low,0.926,2026-01-04T08:40:40.091577
cust_20461,User_461,user461@example.in,+919876619601,Kolkata,999.86,medium,0.669,2025-11-02T08:40:40.091577
cust_20462,User_462,user462@example.in,+919822090691,Chennai,1637.89,low,0.118,2026-05-16T08:40:40.091577
cust_20463,User_463,user463@example.in,+919849731424,Pune,1928.78,low,0.095,2026-04-08T08:40:40.091577
cust_20464,User_464,user464@example.in,+919851970837,Bengaluru,2851.55,low,0.154,2026-06-13T08:40:40.091577
cust_20465,User_465,user465@example.in,+919832885770,Bengaluru,5625.22,low,0.855,2025-08-22T08:40:40.091577
cust_20466,User_466,user466@example.in,+919863791447,Pune,2273.33,low,0.461,2025-12-21T08:40:40.091577
cust_20467,User_467,user467@example.in,+919832384662,Ahmedabad,4324.72,low,0.677,2026-06-06T08:40:40.091577
cust_20468,User_468,user468@example.in,+919868809216,Delhi NCR,1267.55,low,0.392,2026-01-04T08:40:40.091577
cust_20469,User_469,user469@example.in,+919816170301,Kochi,543.31,low,0.639,2026-06-30T08:40:40.091577
cust_20470,User_470,user470@example.in,+919885834657,Jaipur,3188.41,low,0.91,2026-01-14T08:40:40.091577
cust_20471,User_471,user471@example.in,+919822783183,Jaipur,1489.05,low,0.704,2025-11-02T08:40:40.091577
cust_20472,User_472,user472@example.in,+919829952062,Chennai,2506.28,low,0.553,2025-08-27T08:40:40.091577
cust_20473,User_473,user473@example.in,+919876549837,Bengaluru,1358.86,medium,0.117,2025-10-28T08:40:40.091577
cust_20474,User_474,user474@example.in,+919896344588,Chennai,605.52,low,0.785,2026-05-27T08:40:40.091577
cust_20475,User_475,user475@example.in,+919821813825,Ahmedabad,1119.46,medium,0.452,2026-05-07T08:40:40.091577
cust_20476,User_476,user476@example.in,+919883698792,Ahmedabad,1167.42,low,0.132,2025-08-31T08:40:40.091577
cust_20477,User_477,user477@example.in,+919885475000,Kochi,7463.17,low,0.654,2026-01-13T08:40:40.091577
cust_20478,User_478,user478@example.in,+919893182506,Chennai,2717.26,low,0.695,2026-01-01T08:40:40.091577
cust_20479,User_479,user479@example.in,+919895048563,Ahmedabad,750.1,medium,0.313,2025-10-12T08:40:40.091577
cust_20480,User_480,user480@example.in,+919832032560,Chennai,1791.25,low,0.79,2025-12-09T08:40:40.091577
cust_20481,User_481,user481@example.in,+919826206227,Mumbai,880.61,medium,0.404,2025-11-14T08:40:40.091577
cust_20482,User_482,user482@example.in,+919865629268,Hyderabad,1869.56,low,0.62,2025-09-08T08:40:40.091577
cust_20483,User_483,user483@example.in,+919898376561,Mumbai,2643.11,low,0.504,2025-10-24T08:40:40.091577
cust_20484,User_484,user484@example.in,+919868090825,Bengaluru,1399.4,low,0.485,2025-10-19T08:40:40.091577
cust_20485,User_485,user485@example.in,+919827231111,Delhi NCR,1841.94,low,0.642,2025-08-30T08:40:40.091577
cust_20486,User_486,user486@example.in,+919891737749,Chennai,1351.77,medium,0.736,2026-02-16T08:40:40.091577
cust_20487,User_487,user487@example.in,+919865397759,Kolkata,1243.05,low,0.848,2025-10-17T08:40:40.091577
cust_20488,User_488,user488@example.in,+919852132393,Pune,3794.25,low,0.892,2025-08-17T08:40:40.091577
cust_20489,User_489,user489@example.in,+919849000919,Hyderabad,449.32,low,0.879,2026-04-30T08:40:40.091577
cust_20490,User_490,user490@example.in,+919853269298,Delhi NCR,1363.05,low,0.735,2025-09-22T08:40:40.091577
cust_20491,User_491,user491@example.in,+919866032939,Ahmedabad,9724.7,low,0.854,2025-10-06T08:40:40.091577
cust_20492,User_492,user492@example.in,+919811714029,Pune,3284.25,low,0.073,2026-04-23T08:40:40.091577
cust_20493,User_493,user493@example.in,+919831600382,Bengaluru,1793.71,high,0.665,2026-04-23T08:40:40.091577
cust_20494,User_494,user494@example.in,+919882634888,Bengaluru,1941.28,low,0.783,2026-05-15T08:40:40.091577
cust_20495,User_495,user495@example.in,+919848606206,Kochi,1495.62,low,0.092,2025-12-23T08:40:40.091577
cust_20496,User_496,user496@example.in,+919851963706,Kolkata,780.23,medium,0.098,2026-02-28T08:40:40.091577
cust_20497,User_497,user497@example.in,+919869467023,Hyderabad,2850.57,low,0.87,2025-08-09T08:40:40.091577
cust_20498,User_498,user498@example.in,+919890985229,Chennai,2899.3,low,0.702,2026-03-29T08:40:40.091577
cust_20499,User_499,user499@example.in,+919815453834,Pune,1932.08,low,0.551,2026-05-01T08:40:40.091577
cust_20500,User_500,user500@example.in,+919854367386,Delhi NCR,1563.56,low,0.894,2026-06-16T08:40:40.091577
cust_20501,User_501,user501@example.in,+919893935292,Delhi NCR,5763.3,low,0.646,2025-10-28T08:40:40.091577
cust_20502,User_502,user502@example.in,+919852662313,Kochi,1442.67,low,0.911,2025-10-13T08:40:40.091577
cust_20503,User_503,user503@example.in,+919882890984,Mumbai,2137.41,low,0.133,2026-03-15T08:40:40.091577
cust_20504,User_504,user504@example.in,+919849402883,Hyderabad,1872.64,low,0.727,2025-10-08T08:40:40.091577
cust_20505,User_505,user505@example.in,+919896203262,Ahmedabad,2035.02,low,0.609,2026-06-16T08:40:40.091577
cust_20506,User_506,user506@example.in,+919825216804,Chennai,602.52,low,0.536,2026-02-12T08:40:40.091577
cust_20507,User_507,user507@example.in,+919869801634,Bengaluru,560.98,low,0.317,2025-08-07T08:40:40.091577
cust_20508,User_508,user508@example.in,+919822879054,Hyderabad,1023.79,low,0.911,2025-10-04T08:40:40.091577
cust_20509,User_509,user509@example.in,+919866936428,Jaipur,3761.15,low,0.235,2025-11-26T08:40:40.091577
cust_20510,User_510,user510@example.in,+919871636167,Mumbai,1999.0,low,0.084,2026-05-30T08:40:40.091577
cust_20511,User_511,user511@example.in,+919819454577,Bengaluru,741.93,low,0.255,2026-02-24T08:40:40.091577
cust_20512,User_512,user512@example.in,+919868119636,Kolkata,883.99,low,0.401,2026-05-07T08:40:40.091577
cust_20513,User_513,user513@example.in,+919848901209,Jaipur,904.32,low,0.321,2026-05-23T08:40:40.091577
cust_20514,User_514,user514@example.in,+919863031203,Pune,2559.16,low,0.078,2026-04-17T08:40:40.091577
cust_20515,User_515,user515@example.in,+919883245898,Jaipur,300.0,low,0.621,2026-02-04T08:40:40.091577
cust_20516,User_516,user516@example.in,+919815606696,Chennai,2438.22,low,0.587,2025-10-04T08:40:40.091577
cust_20517,User_517,user517@example.in,+919856150987,Jaipur,3236.55,low,0.865,2025-10-17T08:40:40.091577
cust_20518,User_518,user518@example.in,+919843922427,Delhi NCR,737.19,low,0.213,2025-09-19T08:40:40.091577
cust_20519,User_519,user519@example.in,+919819041276,Bengaluru,1474.52,low,0.228,2025-09-12T08:40:40.091577
cust_20520,User_520,user520@example.in,+919897976094,Ahmedabad,3512.12,low,0.307,2026-06-01T08:40:40.091577
cust_20521,User_521,user521@example.in,+919892724080,Hyderabad,849.62,low,0.674,2026-04-19T08:40:40.091577
cust_20522,User_522,user522@example.in,+919867486445,Kochi,2158.53,low,0.332,2026-03-15T08:40:40.091577
cust_20523,User_523,user523@example.in,+919854501625,Kolkata,830.06,medium,0.467,2026-01-04T08:40:40.091577
cust_20524,User_524,user524@example.in,+919896644469,Pune,1312.82,low,0.808,2026-04-26T08:40:40.091577
cust_20525,User_525,user525@example.in,+919894103363,Jaipur,300.0,low,0.118,2026-06-27T08:40:40.091577
cust_20526,User_526,user526@example.in,+919887698748,Jaipur,3512.85,low,0.581,2026-06-18T08:40:40.091577
cust_20527,User_527,user527@example.in,+919829949181,Jaipur,1567.66,low,0.251,2025-09-08T08:40:40.091577
cust_20528,User_528,user528@example.in,+919822153955,Pune,489.21,low,0.502,2025-08-01T08:40:40.091577
cust_20529,User_529,user529@example.in,+919879006257,Hyderabad,1615.86,low,0.193,2025-09-20T08:40:40.091577
cust_20530,User_530,user530@example.in,+919858156722,Kochi,2507.1,low,0.735,2026-03-10T08:40:40.091577
cust_20531,User_531,user531@example.in,+919899736040,Mumbai,878.13,low,0.867,2026-01-03T08:40:40.091577
cust_20532,User_532,user532@example.in,+919816232730,Kolkata,1241.01,low,0.634,2026-05-15T08:40:40.091577
cust_20533,User_533,user533@example.in,+919845341684,Jaipur,1723.85,low,0.563,2025-12-26T08:40:40.091577
cust_20534,User_534,user534@example.in,+919820447168,Kolkata,785.81,low,0.389,2026-03-14T08:40:40.091577
cust_20535,User_535,user535@example.in,+919856309454,Jaipur,660.46,low,0.484,2025-08-31T08:40:40.091577
cust_20536,User_536,user536@example.in,+919832227237,Bengaluru,1343.36,low,0.513,2026-02-13T08:40:40.091577
cust_20537,User_537,user537@example.in,+919890801793,Hyderabad,757.74,low,0.156,2026-03-11T08:40:40.091577
cust_20538,User_538,user538@example.in,+919874628070,Kolkata,6164.79,low,0.481,2025-09-07T08:40:40.091577
cust_20539,User_539,user539@example.in,+919842704875,Delhi NCR,1887.61,low,0.566,2026-04-15T08:40:40.091577
cust_20540,User_540,user540@example.in,+919886808685,Delhi NCR,1611.69,low,0.2,2026-04-05T08:40:40.091577
cust_20541,User_541,user541@example.in,+919898817918,Jaipur,1464.03,low,0.903,2026-03-18T08:40:40.091577
cust_20542,User_542,user542@example.in,+919874648438,Ahmedabad,1766.2,low,0.797,2025-09-02T08:40:40.091577
cust_20543,User_543,user543@example.in,+919845503367,Delhi NCR,371.38,low,0.667,2025-11-16T08:40:40.091577
cust_20544,User_544,user544@example.in,+919861735818,Kochi,1574.1,low,0.065,2025-10-12T08:40:40.091577
cust_20545,User_545,user545@example.in,+919891270313,Jaipur,5758.94,low,0.478,2025-08-26T08:40:40.091577
cust_20546,User_546,user546@example.in,+919874725282,Kochi,1346.38,low,0.862,2025-10-03T08:40:40.091577
cust_20547,User_547,user547@example.in,+919859711219,Bengaluru,2055.98,medium,0.678,2025-11-29T08:40:40.091577
cust_20548,User_548,user548@example.in,+919861168696,Hyderabad,4280.65,low,0.774,2025-09-15T08:40:40.091577
cust_20549,User_549,user549@example.in,+919841207351,Mumbai,1167.74,medium,0.125,2025-09-03T08:40:40.091577
cust_20550,User_550,user550@example.in,+919810954835,Jaipur,1147.57,low,0.156,2026-07-03T08:40:40.091577
cust_20551,User_551,user551@example.in,+919852399610,Kolkata,2642.04,low,0.146,2025-11-30T08:40:40.091577
cust_20552,User_552,user552@example.in,+919846985109,Kochi,1135.27,high,0.408,2026-03-24T08:40:40.091577
cust_20553,User_553,user553@example.in,+919833987338,Kolkata,1574.4,low,0.549,2026-02-27T08:40:40.091577
cust_20554,User_554,user554@example.in,+919863436070,Pune,2147.28,low,0.819,2025-08-03T08:40:40.091577
cust_20555,User_555,user555@example.in,+919831715773,Mumbai,2476.42,low,0.508,2026-01-14T08:40:40.091577
cust_20556,User_556,user556@example.in,+919816986408,Jaipur,2199.78,low,0.918,2026-07-04T08:40:40.091577
cust_20557,User_557,user557@example.in,+919890563579,Mumbai,3101.7,low,0.108,2026-03-15T08:40:40.091577
cust_20558,User_558,user558@example.in,+919890191410,Chennai,1856.66,low,0.746,2026-04-08T08:40:40.091577
cust_20559,User_559,user559@example.in,+919898165507,Ahmedabad,1206.02,medium,0.516,2026-03-29T08:40:40.091577
cust_20560,User_560,user560@example.in,+919841094351,Bengaluru,2969.72,low,0.657,2026-01-03T08:40:40.091577
cust_20561,User_561,user561@example.in,+919863611082,Hyderabad,612.09,low,0.406,2025-09-09T08:40:40.091577
cust_20562,User_562,user562@example.in,+919819209640,Hyderabad,1469.33,medium,0.545,2025-09-23T08:40:40.091577
cust_20563,User_563,user563@example.in,+919836108729,Kochi,614.49,low,0.414,2026-07-04T08:40:40.091577
cust_20564,User_564,user564@example.in,+919884978145,Pune,542.81,low,0.315,2026-05-08T08:40:40.091577
cust_20565,User_565,user565@example.in,+919869427400,Jaipur,3681.12,medium,0.557,2026-03-04T08:40:40.091577
cust_20566,User_566,user566@example.in,+919871836850,Chennai,4314.58,medium,0.826,2025-11-02T08:40:40.091577
cust_20567,User_567,user567@example.in,+919839579214,Mumbai,781.79,low,0.257,2026-01-26T08:40:40.091577
cust_20568,User_568,user568@example.in,+919811305024,Kolkata,4879.51,low,0.287,2026-02-09T08:40:40.091577
cust_20569,User_569,user569@example.in,+919855901507,Mumbai,771.11,low,0.888,2025-11-05T08:40:40.091577
cust_20570,User_570,user570@example.in,+919846114740,Chennai,300.0,low,0.722,2026-03-31T08:40:40.091577
cust_20571,User_571,user571@example.in,+919842488275,Ahmedabad,2049.41,medium,0.236,2026-03-25T08:40:40.091577
cust_20572,User_572,user572@example.in,+919824319594,Hyderabad,2742.95,low,0.121,2025-08-01T08:40:40.091577
cust_20573,User_573,user573@example.in,+919882675403,Ahmedabad,2598.34,medium,0.813,2025-12-28T08:40:40.091577
cust_20574,User_574,user574@example.in,+919846874043,Kochi,4577.49,low,0.936,2025-10-18T08:40:40.091577
cust_20575,User_575,user575@example.in,+919827212880,Pune,764.34,low,0.769,2025-11-04T08:40:40.091577
cust_20576,User_576,user576@example.in,+919833461307,Jaipur,501.27,low,0.158,2025-10-14T08:40:40.091577
cust_20577,User_577,user577@example.in,+919823522144,Ahmedabad,1968.52,low,0.602,2026-02-24T08:40:40.091577
cust_20578,User_578,user578@example.in,+919873262903,Delhi NCR,1461.72,medium,0.359,2026-04-03T08:40:40.091577
cust_20579,User_579,user579@example.in,+919859970552,Ahmedabad,1119.13,low,0.411,2025-11-18T08:40:40.091577
cust_20580,User_580,user580@example.in,+919846231955,Delhi NCR,5291.83,low,0.55,2025-12-23T08:40:40.091577
cust_20581,User_581,user581@example.in,+919894644676,Hyderabad,551.73,low,0.699,2025-10-30T08:40:40.091577
cust_20582,User_582,user582@example.in,+919844130183,Pune,743.28,low,0.617,2025-11-18T08:40:40.091577
cust_20583,User_583,user583@example.in,+919884825240,Chennai,799.99,medium,0.282,2026-06-26T08:40:40.091577
cust_20584,User_584,user584@example.in,+919833426205,Kolkata,1802.38,high,0.306,2026-01-21T08:40:40.091577
cust_20585,User_585,user585@example.in,+919820523679,Jaipur,1254.96,low,0.308,2025-08-17T08:40:40.091577
cust_20586,User_586,user586@example.in,+919855283492,Delhi NCR,5465.28,low,0.601,2025-12-11T08:40:40.091577
cust_20587,User_587,user587@example.in,+919852074850,Mumbai,555.55,low,0.312,2026-02-20T08:40:40.091577
cust_20588,User_588,user588@example.in,+919869713250,Kochi,1758.83,low,0.895,2025-09-09T08:40:40.091577
cust_20589,User_589,user589@example.in,+919834680787,Jaipur,3984.83,medium,0.163,2026-03-08T08:40:40.091577
cust_20590,User_590,user590@example.in,+919813538638,Pune,4234.14,low,0.522,2026-05-25T08:40:40.091577
cust_20591,User_591,user591@example.in,+919897890153,Mumbai,910.56,medium,0.401,2026-03-11T08:40:40.091577
cust_20592,User_592,user592@example.in,+919826966692,Hyderabad,2405.68,low,0.805,2026-06-22T08:40:40.091577
cust_20593,User_593,user593@example.in,+919853647781,Bengaluru,6684.25,medium,0.47,2025-10-03T08:40:40.091577
cust_20594,User_594,user594@example.in,+919882381952,Pune,1446.69,low,0.588,2025-08-17T08:40:40.091577
cust_20595,User_595,user595@example.in,+919881643293,Kochi,1045.51,low,0.362,2025-10-03T08:40:40.091577
cust_20596,User_596,user596@example.in,+919859094606,Hyderabad,2833.46,low,0.19,2026-07-01T08:40:40.091577
cust_20597,User_597,user597@example.in,+919828293937,Bengaluru,1529.03,low,0.472,2026-07-02T08:40:40.091577
cust_20598,User_598,user598@example.in,+919811225756,Ahmedabad,4328.72,low,0.768,2025-09-04T08:40:40.091577
cust_20599,User_599,user599@example.in,+919835309568,Hyderabad,3299.44,low,0.554,2025-12-16T08:40:40.091577
cust_20600,User_600,user600@example.in,+919862307771,Hyderabad,300.0,low,0.249,2026-05-27T08:40:40.091577
